<?xml version="1.0" encoding="UTF-8"?>
<GenRun Id="system_xadc_0_synth_1" LaunchPart="xc7z010clg400-1" LaunchTime="1768432566">
  <File Type="PA-TCL" Name="system_xadc_0.tcl"/>
  <File Type="REPORTS-TCL" Name="system_xadc_0_reports.tcl"/>
  <File Type="RDS-RDS" Name="system_xadc_0.vds"/>
  <File Type="RDS-UTIL" Name="system_xadc_0_utilization_synth.rpt"/>
  <File Type="RDS-UTIL-PB" Name="system_xadc_0_utilization_synth.pb"/>
  <File Type="RDS-DCP" Name="system_xadc_0.dcp"/>
  <FileSet Name="sources" Type="BlockSrcs" RelSrcDir="$PSRCDIR/system_xadc_0">
    <File Path="$PSRCDIR/sources_1/bd/system/ip/system_xadc_0/system_xadc_0.xci">
      <FileInfo>
        <Attr Name="ImportPath" Val="$PPRDIR/../project/redpitaya.srcs/sources_1/bd/system/ip/system_xadc_0/system_xadc_0.xci"/>
        <Attr Name="ImportTime" Val="1768432061"/>
        <Attr Name="UsedIn" Val="synthesis"/>
        <Attr Name="UsedIn" Val="implementation"/>
        <Attr Name="UsedIn" Val="simulation"/>
      </FileInfo>
    </File>
    <Config>
      <Option Name="TopModule" Val="system_xadc_0"/>
      <Option Name="UseBlackboxStub" Val="1"/>
    </Config>
  </FileSet>
  <FileSet Name="constrs_in" Type="BlockSrcs" RelSrcDir="$PSRCDIR/system_xadc_0">
    <File Path="$PSRCDIR/sources_1/bd/system/ip/system_xadc_0/system_xadc_0.xci">
      <FileInfo>
        <Attr Name="ImportPath" Val="$PPRDIR/../project/redpitaya.srcs/sources_1/bd/system/ip/system_xadc_0/system_xadc_0.xci"/>
        <Attr Name="ImportTime" Val="1768432061"/>
        <Attr Name="UsedIn" Val="synthesis"/>
        <Attr Name="UsedIn" Val="implementation"/>
        <Attr Name="UsedIn" Val="simulation"/>
      </FileInfo>
    </File>
    <Config>
      <Option Name="TopModule" Val="system_xadc_0"/>
      <Option Name="UseBlackboxStub" Val="1"/>
    </Config>
  </FileSet>
  <FileSet Name="utils" Type="Utils" RelSrcDir="$PSRCDIR/utils_1">
    <Filter Type="Utils"/>
    <Config>
      <Option Name="TopAutoSet" Val="TRUE"/>
    </Config>
  </FileSet>
  <Strategy Version="1" Minor="2">
    <StratHandle Name="Vivado Synthesis Defaults" Flow="Vivado Synthesis 2020"/>
    <Step Id="synth_design"/>
  </Strategy>
</GenRun>
