<?xml version="1.0" encoding="UTF-8"?>
<GenRun Id="impl_1" LaunchPart="xc7z010clg400-1" LaunchTime="1770868330">
  <File Type="BITSTR-BMM" Name="red_pitaya_top_bd.bmm"/>
  <File Type="OPT-METHODOLOGY-DRC" Name="red_pitaya_top_methodology_drc_opted.rpt"/>
  <File Type="INIT-TIMING" Name="red_pitaya_top_timing_summary_init.rpt"/>
  <File Type="ROUTE-PWR" Name="red_pitaya_top_power_routed.rpt"/>
  <File Type="PA-TCL" Name="red_pitaya_top.tcl"/>
  <File Type="OPT-TIMING" Name="red_pitaya_top_timing_summary_opted.rpt"/>
  <File Type="OPT-DCP" Name="red_pitaya_top_opt.dcp"/>
  <File Type="ROUTE-PWR-SUM" Name="red_pitaya_top_power_summary_routed.pb"/>
  <File Type="REPORTS-TCL" Name="red_pitaya_top_reports.tcl"/>
  <File Type="OPT-DRC" Name="red_pitaya_top_drc_opted.rpt"/>
  <File Type="OPT-HWDEF" Name="red_pitaya_top.hwdef"/>
  <File Type="PWROPT-DCP" Name="red_pitaya_top_pwropt.dcp"/>
  <File Type="PWROPT-DRC" Name="red_pitaya_top_drc_pwropted.rpt"/>
  <File Type="PWROPT-TIMING" Name="red_pitaya_top_timing_summary_pwropted.rpt"/>
  <File Type="PLACE-DCP" Name="red_pitaya_top_placed.dcp"/>
  <File Type="PLACE-IO" Name="red_pitaya_top_io_placed.rpt"/>
  <File Type="PLACE-CLK" Name="red_pitaya_top_clock_utilization_placed.rpt"/>
  <File Type="PLACE-UTIL" Name="red_pitaya_top_utilization_placed.rpt"/>
  <File Type="PLACE-UTIL-PB" Name="red_pitaya_top_utilization_placed.pb"/>
  <File Type="PLACE-CTRL" Name="red_pitaya_top_control_sets_placed.rpt"/>
  <File Type="PLACE-SIMILARITY" Name="red_pitaya_top_incremental_reuse_placed.rpt"/>
  <File Type="PLACE-PRE-SIMILARITY" Name="red_pitaya_top_incremental_reuse_pre_placed.rpt"/>
  <File Type="PLACE-TIMING" Name="red_pitaya_top_timing_summary_placed.rpt"/>
  <File Type="POSTPLACE-PWROPT-DCP" Name="red_pitaya_top_postplace_pwropt.dcp"/>
  <File Type="BG-BIN" Name="red_pitaya_top.bin"/>
  <File Type="POSTPLACE-PWROPT-TIMING" Name="red_pitaya_top_timing_summary_postplace_pwropted.rpt"/>
  <File Type="PHYSOPT-DCP" Name="red_pitaya_top_physopt.dcp"/>
  <File Type="PHYSOPT-DRC" Name="red_pitaya_top_drc_physopted.rpt"/>
  <File Type="BITSTR-MSK" Name="red_pitaya_top.msk"/>
  <File Type="PHYSOPT-TIMING" Name="red_pitaya_top_timing_summary_physopted.rpt"/>
  <File Type="ROUTE-ERROR-DCP" Name="red_pitaya_top_routed_error.dcp"/>
  <File Type="ROUTE-DCP" Name="red_pitaya_top_routed.dcp"/>
  <File Type="ROUTE-BLACKBOX-DCP" Name="red_pitaya_top_routed_bb.dcp"/>
  <File Type="ROUTE-DRC" Name="red_pitaya_top_drc_routed.rpt"/>
  <File Type="ROUTE-DRC-PB" Name="red_pitaya_top_drc_routed.pb"/>
  <File Type="ROUTE-DRC-RPX" Name="red_pitaya_top_drc_routed.rpx"/>
  <File Type="BITSTR-MMI" Name="red_pitaya_top.mmi"/>
  <File Type="ROUTE-METHODOLOGY-DRC" Name="red_pitaya_top_methodology_drc_routed.rpt"/>
  <File Type="ROUTE-METHODOLOGY-DRC-RPX" Name="red_pitaya_top_methodology_drc_routed.rpx"/>
  <File Type="ROUTE-METHODOLOGY-DRC-PB" Name="red_pitaya_top_methodology_drc_routed.pb"/>
  <File Type="ROUTE-PWR-RPX" Name="red_pitaya_top_power_routed.rpx"/>
  <File Type="ROUTE-STATUS" Name="red_pitaya_top_route_status.rpt"/>
  <File Type="ROUTE-STATUS-PB" Name="red_pitaya_top_route_status.pb"/>
  <File Type="ROUTE-TIMINGSUMMARY" Name="red_pitaya_top_timing_summary_routed.rpt"/>
  <File Type="ROUTE-TIMING-PB" Name="red_pitaya_top_timing_summary_routed.pb"/>
  <File Type="ROUTE-TIMING-RPX" Name="red_pitaya_top_timing_summary_routed.rpx"/>
  <File Type="ROUTE-SIMILARITY" Name="red_pitaya_top_incremental_reuse_routed.rpt"/>
  <File Type="ROUTE-CLK" Name="red_pitaya_top_clock_utilization_routed.rpt"/>
  <File Type="ROUTE-BUS-SKEW" Name="red_pitaya_top_bus_skew_routed.rpt"/>
  <File Type="ROUTE-BUS-SKEW-PB" Name="red_pitaya_top_bus_skew_routed.pb"/>
  <File Type="ROUTE-BUS-SKEW-RPX" Name="red_pitaya_top_bus_skew_routed.rpx"/>
  <File Type="POSTROUTE-PHYSOPT-DCP" Name="red_pitaya_top_postroute_physopt.dcp"/>
  <File Type="POSTROUTE-PHYSOPT-BLACKBOX-DCP" Name="red_pitaya_top_postroute_physopt_bb.dcp"/>
  <File Type="POSTROUTE-PHYSOPT-TIMING" Name="red_pitaya_top_timing_summary_postroute_physopted.rpt"/>
  <File Type="POSTROUTE-PHYSOPT-TIMING-PB" Name="red_pitaya_top_timing_summary_postroute_physopted.pb"/>
  <File Type="POSTROUTE-PHYSOPT-TIMING-RPX" Name="red_pitaya_top_timing_summary_postroute_physopted.rpx"/>
  <File Type="POSTROUTE-PHYSOPT-BUS-SKEW" Name="red_pitaya_top_bus_skew_postroute_physopted.rpt"/>
  <File Type="POSTROUTE-PHYSOPT-BUS-SKEW-PB" Name="red_pitaya_top_bus_skew_postroute_physopted.pb"/>
  <File Type="BG-BIT" Name="red_pitaya_top.bit"/>
  <File Type="POSTROUTE-PHYSOPT-BUS-SKEW-RPX" Name="red_pitaya_top_bus_skew_postroute_physopted.rpx"/>
  <File Type="BITSTR-RBT" Name="red_pitaya_top.rbt"/>
  <File Type="BITSTR-NKY" Name="red_pitaya_top.nky"/>
  <File Type="PDI-FILE" Name="red_pitaya_top.pdi"/>
  <File Type="RCFI_FILE" Name="red_pitaya_top.rcfi"/>
  <File Type="CFI_FILE" Name="red_pitaya_top.cfi"/>
  <File Type="RNPI_FILE" Name="red_pitaya_top.rnpi"/>
  <File Type="NPI_FILE" Name="red_pitaya_top.npi"/>
  <File Type="RBD_FILE" Name="red_pitaya_top.rbd"/>
  <File Type="BITSTR-LTX" Name="debug_nets.ltx"/>
  <File Type="BITSTR-LTX" Name="red_pitaya_top.ltx"/>
  <File Type="BITSTR-SYSDEF" Name="red_pitaya_top.sysdef"/>
  <File Type="BG-BGN" Name="red_pitaya_top.bgn"/>
  <File Type="BG-DRC" Name="red_pitaya_top.drc"/>
  <File Type="RDI-RDI" Name="red_pitaya_top.vdi"/>
  <File Type="WBT-USG" Name="usage_statistics_webtalk.html"/>
  <FileSet Name="sources" Type="DesignSrcs" RelSrcDir="$PSRCDIR/sources_1">
    <Filter Type="Srcs"/>
    <File Path="$PSRCDIR/sources_1/ip/asg_dat_fifo/asg_dat_fifo.xci">
      <FileInfo>
        <Attr Name="ImportPath" Val="$PPRDIR/../../../ip/asg_dat_fifo/asg_dat_fifo.xci"/>
        <Attr Name="ImportTime" Val="1768194068"/>
        <Attr Name="UsedIn" Val="synthesis"/>
        <Attr Name="UsedIn" Val="implementation"/>
        <Attr Name="UsedIn" Val="simulation"/>
      </FileInfo>
    </File>
    <File Path="$PSRCDIR/sources_1/ip/sync_fifo/sync_fifo.xci">
      <FileInfo>
        <Attr Name="ImportPath" Val="$PPRDIR/../../../ip/sync_fifo/sync_fifo.xci"/>
        <Attr Name="ImportTime" Val="1768194068"/>
        <Attr Name="UsedIn" Val="synthesis"/>
        <Attr Name="UsedIn" Val="implementation"/>
        <Attr Name="UsedIn" Val="simulation"/>
      </FileInfo>
    </File>
    <File Path="$PSRCDIR/sources_1/bd/system/system.bd">
      <FileInfo>
        <Attr Name="ImportPath" Val="$PPRDIR/../project/redpitaya.srcs/sources_1/bd/system/system.bd"/>
        <Attr Name="ImportTime" Val="1768432061"/>
        <Attr Name="UsedIn" Val="synthesis"/>
        <Attr Name="UsedIn" Val="implementation"/>
        <Attr Name="UsedIn" Val="simulation"/>
      </FileInfo>
    </File>
    <File Path="$PSRCDIR/sources_1/new/am_radio_ctrl.v">
      <FileInfo>
        <Attr Name="ImportPath" Val="$PPRDIR/../project_backup2/project_backup2.srcs/sources_1/new/am_radio_ctrl.v"/>
        <Attr Name="ImportTime" Val="1768977441"/>
        <Attr Name="UsedIn" Val="synthesis"/>
        <Attr Name="UsedIn" Val="implementation"/>
        <Attr Name="UsedIn" Val="simulation"/>
      </FileInfo>
    </File>
    <File Path="$PSRCDIR/sources_1/new/axi_audio_buffer.v">
      <FileInfo>
        <Attr Name="UsedIn" Val="synthesis"/>
        <Attr Name="UsedIn" Val="implementation"/>
        <Attr Name="UsedIn" Val="simulation"/>
      </FileInfo>
    </File>
    <File Path="$PSRCDIR/sources_1/imports/RedPitaya-FPGA/rtl/classic/axi_master.v">
      <FileInfo>
        <Attr Name="ImportPath" Val="$PPRDIR/../../../rtl/classic/axi_master.v"/>
        <Attr Name="ImportTime" Val="1768194070"/>
        <Attr Name="UsedIn" Val="synthesis"/>
        <Attr Name="UsedIn" Val="implementation"/>
        <Attr Name="UsedIn" Val="simulation"/>
      </FileInfo>
    </File>
    <File Path="$PSRCDIR/sources_1/imports/RedPitaya-FPGA/rtl/classic/axi_wr_fifo.v">
      <FileInfo>
        <Attr Name="ImportPath" Val="$PPRDIR/../../../rtl/classic/axi_wr_fifo.v"/>
        <Attr Name="ImportTime" Val="1768194070"/>
        <Attr Name="UsedIn" Val="synthesis"/>
        <Attr Name="UsedIn" Val="implementation"/>
        <Attr Name="UsedIn" Val="simulation"/>
      </FileInfo>
    </File>
    <File Path="$PSRCDIR/sources_1/imports/RedPitaya-FPGA/rtl/divide.v">
      <FileInfo>
        <Attr Name="ImportPath" Val="$PPRDIR/../../../rtl/divide.v"/>
        <Attr Name="ImportTime" Val="1768194070"/>
        <Attr Name="UsedIn" Val="synthesis"/>
        <Attr Name="UsedIn" Val="implementation"/>
        <Attr Name="UsedIn" Val="simulation"/>
      </FileInfo>
    </File>
    <File Path="$PSRCDIR/sources_1/new/nco_sin.v">
      <FileInfo>
        <Attr Name="ImportPath" Val="$PPRDIR/../project/redpitaya.srcs/sources_1/new/nco_sin.v"/>
        <Attr Name="ImportTime" Val="1768432417"/>
        <Attr Name="UsedIn" Val="synthesis"/>
        <Attr Name="UsedIn" Val="implementation"/>
        <Attr Name="UsedIn" Val="simulation"/>
      </FileInfo>
    </File>
    <File Path="$PSRCDIR/sources_1/imports/RedPitaya-FPGA/prj/v0.94/rtl/osc_filter.v">
      <FileInfo>
        <Attr Name="ImportPath" Val="$PPRDIR/../rtl/osc_filter.v"/>
        <Attr Name="ImportTime" Val="1768194070"/>
        <Attr Name="UsedIn" Val="synthesis"/>
        <Attr Name="UsedIn" Val="implementation"/>
        <Attr Name="UsedIn" Val="simulation"/>
      </FileInfo>
    </File>
    <File Path="$PSRCDIR/sources_1/imports/RedPitaya-FPGA/rtl/rand_lfsr.v">
      <FileInfo>
        <Attr Name="ImportPath" Val="$PPRDIR/../../../rtl/rand_lfsr.v"/>
        <Attr Name="ImportTime" Val="1768194070"/>
        <Attr Name="UsedIn" Val="synthesis"/>
        <Attr Name="UsedIn" Val="implementation"/>
        <Attr Name="UsedIn" Val="simulation"/>
      </FileInfo>
    </File>
    <File Path="$PSRCDIR/sources_1/imports/RedPitaya-FPGA/rtl/classic/red_pitaya_ams.v">
      <FileInfo>
        <Attr Name="ImportPath" Val="$PPRDIR/../../../rtl/classic/red_pitaya_ams.v"/>
        <Attr Name="ImportTime" Val="1768194070"/>
        <Attr Name="UsedIn" Val="synthesis"/>
        <Attr Name="UsedIn" Val="implementation"/>
        <Attr Name="UsedIn" Val="simulation"/>
      </FileInfo>
    </File>
    <File Path="$PSRCDIR/sources_1/imports/RedPitaya-FPGA/rtl/classic/red_pitaya_daisy.v">
      <FileInfo>
        <Attr Name="ImportPath" Val="$PPRDIR/../../../rtl/classic/red_pitaya_daisy.v"/>
        <Attr Name="ImportTime" Val="1768194070"/>
        <Attr Name="UsedIn" Val="synthesis"/>
        <Attr Name="UsedIn" Val="implementation"/>
        <Attr Name="UsedIn" Val="simulation"/>
      </FileInfo>
    </File>
    <File Path="$PSRCDIR/sources_1/imports/RedPitaya-FPGA/rtl/classic/red_pitaya_daisy_rx.v">
      <FileInfo>
        <Attr Name="ImportPath" Val="$PPRDIR/../../../rtl/classic/red_pitaya_daisy_rx.v"/>
        <Attr Name="ImportTime" Val="1768194070"/>
        <Attr Name="UsedIn" Val="synthesis"/>
        <Attr Name="UsedIn" Val="implementation"/>
        <Attr Name="UsedIn" Val="simulation"/>
      </FileInfo>
    </File>
    <File Path="$PSRCDIR/sources_1/imports/RedPitaya-FPGA/rtl/classic/red_pitaya_daisy_test.v">
      <FileInfo>
        <Attr Name="ImportPath" Val="$PPRDIR/../../../rtl/classic/red_pitaya_daisy_test.v"/>
        <Attr Name="ImportTime" Val="1768194070"/>
        <Attr Name="UsedIn" Val="synthesis"/>
        <Attr Name="UsedIn" Val="implementation"/>
        <Attr Name="UsedIn" Val="simulation"/>
      </FileInfo>
    </File>
    <File Path="$PSRCDIR/sources_1/imports/RedPitaya-FPGA/rtl/classic/red_pitaya_daisy_tx.v">
      <FileInfo>
        <Attr Name="ImportPath" Val="$PPRDIR/../../../rtl/classic/red_pitaya_daisy_tx.v"/>
        <Attr Name="ImportTime" Val="1768194070"/>
        <Attr Name="UsedIn" Val="synthesis"/>
        <Attr Name="UsedIn" Val="implementation"/>
        <Attr Name="UsedIn" Val="simulation"/>
      </FileInfo>
    </File>
    <File Path="$PSRCDIR/sources_1/imports/RedPitaya-FPGA/rtl/classic/red_pitaya_hk.v">
      <FileInfo>
        <Attr Name="ImportPath" Val="$PPRDIR/../../../rtl/classic/red_pitaya_hk.v"/>
        <Attr Name="ImportTime" Val="1768194070"/>
        <Attr Name="UsedIn" Val="synthesis"/>
        <Attr Name="UsedIn" Val="implementation"/>
        <Attr Name="UsedIn" Val="simulation"/>
      </FileInfo>
    </File>
    <File Path="$PSRCDIR/sources_1/imports/RedPitaya-FPGA/rtl/classic/red_pitaya_pid.v">
      <FileInfo>
        <Attr Name="ImportPath" Val="$PPRDIR/../../../rtl/classic/red_pitaya_pid.v"/>
        <Attr Name="ImportTime" Val="1768194070"/>
        <Attr Name="UsedIn" Val="synthesis"/>
        <Attr Name="UsedIn" Val="implementation"/>
        <Attr Name="UsedIn" Val="simulation"/>
      </FileInfo>
    </File>
    <File Path="$PSRCDIR/sources_1/imports/RedPitaya-FPGA/rtl/classic/red_pitaya_pid_block.v">
      <FileInfo>
        <Attr Name="ImportPath" Val="$PPRDIR/../../../rtl/classic/red_pitaya_pid_block.v"/>
        <Attr Name="ImportTime" Val="1768194070"/>
        <Attr Name="UsedIn" Val="synthesis"/>
        <Attr Name="UsedIn" Val="implementation"/>
        <Attr Name="UsedIn" Val="simulation"/>
      </FileInfo>
    </File>
    <File Path="$PSRCDIR/sources_1/imports/RedPitaya-FPGA/rtl/classic/rp_acq_bram.v">
      <FileInfo>
        <Attr Name="ImportPath" Val="$PPRDIR/../../../rtl/classic/rp_acq_bram.v"/>
        <Attr Name="ImportTime" Val="1768194070"/>
        <Attr Name="UsedIn" Val="synthesis"/>
        <Attr Name="UsedIn" Val="implementation"/>
        <Attr Name="UsedIn" Val="simulation"/>
      </FileInfo>
    </File>
    <File Path="$PSRCDIR/sources_1/imports/RedPitaya-FPGA/rtl/classic/rp_adc_trig.v">
      <FileInfo>
        <Attr Name="ImportPath" Val="$PPRDIR/../../../rtl/classic/rp_adc_trig.v"/>
        <Attr Name="ImportTime" Val="1768194070"/>
        <Attr Name="UsedIn" Val="synthesis"/>
        <Attr Name="UsedIn" Val="implementation"/>
        <Attr Name="UsedIn" Val="simulation"/>
      </FileInfo>
    </File>
    <File Path="$PSRCDIR/sources_1/imports/RedPitaya-FPGA/rtl/classic/rp_axi_sm.v">
      <FileInfo>
        <Attr Name="ImportPath" Val="$PPRDIR/../../../rtl/classic/rp_axi_sm.v"/>
        <Attr Name="ImportTime" Val="1768194070"/>
        <Attr Name="UsedIn" Val="synthesis"/>
        <Attr Name="UsedIn" Val="implementation"/>
        <Attr Name="UsedIn" Val="simulation"/>
      </FileInfo>
    </File>
    <File Path="$PSRCDIR/sources_1/imports/RedPitaya-FPGA/rtl/classic/rp_bram_sm.v">
      <FileInfo>
        <Attr Name="ImportPath" Val="$PPRDIR/../../../rtl/classic/rp_bram_sm.v"/>
        <Attr Name="ImportTime" Val="1768194070"/>
        <Attr Name="UsedIn" Val="synthesis"/>
        <Attr Name="UsedIn" Val="implementation"/>
        <Attr Name="UsedIn" Val="simulation"/>
      </FileInfo>
    </File>
    <File Path="$PSRCDIR/sources_1/imports/RedPitaya-FPGA/rtl/classic/rp_decim.v">
      <FileInfo>
        <Attr Name="ImportPath" Val="$PPRDIR/../../../rtl/classic/rp_decim.v"/>
        <Attr Name="ImportTime" Val="1768194070"/>
        <Attr Name="UsedIn" Val="synthesis"/>
        <Attr Name="UsedIn" Val="implementation"/>
        <Attr Name="UsedIn" Val="simulation"/>
      </FileInfo>
    </File>
    <File Path="$PSRCDIR/sources_1/imports/RedPitaya-FPGA/rtl/classic/rp_delay.v">
      <FileInfo>
        <Attr Name="ImportPath" Val="$PPRDIR/../../../rtl/classic/rp_delay.v"/>
        <Attr Name="ImportTime" Val="1768194070"/>
        <Attr Name="UsedIn" Val="synthesis"/>
        <Attr Name="UsedIn" Val="implementation"/>
        <Attr Name="UsedIn" Val="simulation"/>
      </FileInfo>
    </File>
    <File Path="$PSRCDIR/sources_1/imports/RedPitaya-FPGA/rtl/classic/rp_ext_trig.v">
      <FileInfo>
        <Attr Name="ImportPath" Val="$PPRDIR/../../../rtl/classic/rp_ext_trig.v"/>
        <Attr Name="ImportTime" Val="1768194070"/>
        <Attr Name="UsedIn" Val="synthesis"/>
        <Attr Name="UsedIn" Val="implementation"/>
        <Attr Name="UsedIn" Val="simulation"/>
      </FileInfo>
    </File>
    <File Path="$PSRCDIR/sources_1/imports/RedPitaya-FPGA/rtl/classic/rp_scope_calib.v">
      <FileInfo>
        <Attr Name="ImportPath" Val="$PPRDIR/../../../rtl/classic/rp_scope_calib.v"/>
        <Attr Name="ImportTime" Val="1768194070"/>
        <Attr Name="UsedIn" Val="synthesis"/>
        <Attr Name="UsedIn" Val="implementation"/>
        <Attr Name="UsedIn" Val="simulation"/>
      </FileInfo>
    </File>
    <File Path="$PSRCDIR/sources_1/imports/RedPitaya-FPGA/rtl/classic/rp_scope_cfg.v">
      <FileInfo>
        <Attr Name="ImportPath" Val="$PPRDIR/../../../rtl/classic/rp_scope_cfg.v"/>
        <Attr Name="ImportTime" Val="1768194070"/>
        <Attr Name="UsedIn" Val="synthesis"/>
        <Attr Name="UsedIn" Val="implementation"/>
        <Attr Name="UsedIn" Val="simulation"/>
      </FileInfo>
    </File>
    <File Path="$PSRCDIR/sources_1/imports/RedPitaya-FPGA/rtl/classic/rp_scope_com.v">
      <FileInfo>
        <Attr Name="ImportPath" Val="$PPRDIR/../../../rtl/classic/rp_scope_com.v"/>
        <Attr Name="ImportTime" Val="1768194070"/>
        <Attr Name="UsedIn" Val="synthesis"/>
        <Attr Name="UsedIn" Val="implementation"/>
        <Attr Name="UsedIn" Val="simulation"/>
      </FileInfo>
    </File>
    <File Path="$PSRCDIR/sources_1/imports/RedPitaya-FPGA/rtl/classic/rp_trig_src.v">
      <FileInfo>
        <Attr Name="ImportPath" Val="$PPRDIR/../../../rtl/classic/rp_trig_src.v"/>
        <Attr Name="ImportTime" Val="1768194070"/>
        <Attr Name="UsedIn" Val="synthesis"/>
        <Attr Name="UsedIn" Val="implementation"/>
        <Attr Name="UsedIn" Val="simulation"/>
      </FileInfo>
    </File>
    <File Path="$PSRCDIR/sources_1/new/watchdog_timer.v">
      <FileInfo>
        <Attr Name="UsedIn" Val="synthesis"/>
        <Attr Name="UsedIn" Val="implementation"/>
        <Attr Name="UsedIn" Val="simulation"/>
      </FileInfo>
    </File>
    <File Path="$PSRCDIR/sources_1/new/am_mod.sv">
      <FileInfo>
        <Attr Name="ImportPath" Val="$PPRDIR/../project/redpitaya.srcs/sources_1/new/am_mod.sv"/>
        <Attr Name="ImportTime" Val="1768784256"/>
        <Attr Name="UsedIn" Val="synthesis"/>
        <Attr Name="UsedIn" Val="implementation"/>
        <Attr Name="UsedIn" Val="simulation"/>
      </FileInfo>
    </File>
    <File Path="$PSRCDIR/sources_1/imports/RedPitaya-FPGA/rtl/interface/axi4_if.sv">
      <FileInfo>
        <Attr Name="ImportPath" Val="$PPRDIR/../../../rtl/interface/axi4_if.sv"/>
        <Attr Name="ImportTime" Val="1768194070"/>
        <Attr Name="UsedIn" Val="synthesis"/>
        <Attr Name="UsedIn" Val="implementation"/>
        <Attr Name="UsedIn" Val="simulation"/>
      </FileInfo>
    </File>
    <File Path="$PSRCDIR/sources_1/imports/RedPitaya-FPGA/rtl/axi4_slave.sv">
      <FileInfo>
        <Attr Name="ImportPath" Val="$PPRDIR/../../../rtl/axi4_slave.sv"/>
        <Attr Name="ImportTime" Val="1768194070"/>
        <Attr Name="UsedIn" Val="synthesis"/>
        <Attr Name="UsedIn" Val="implementation"/>
        <Attr Name="UsedIn" Val="simulation"/>
      </FileInfo>
    </File>
    <File Path="$PSRCDIR/sources_1/imports/RedPitaya-FPGA/rtl/classic/axi_rd_burst.sv">
      <FileInfo>
        <Attr Name="ImportPath" Val="$PPRDIR/../../../rtl/classic/axi_rd_burst.sv"/>
        <Attr Name="ImportTime" Val="1768194070"/>
        <Attr Name="UsedIn" Val="synthesis"/>
        <Attr Name="UsedIn" Val="implementation"/>
        <Attr Name="UsedIn" Val="simulation"/>
      </FileInfo>
    </File>
    <File Path="$PSRCDIR/sources_1/imports/RedPitaya-FPGA/rtl/interface/axi_sys_if.sv">
      <FileInfo>
        <Attr Name="ImportPath" Val="$PPRDIR/../../../rtl/interface/axi_sys_if.sv"/>
        <Attr Name="ImportTime" Val="1768194070"/>
        <Attr Name="UsedIn" Val="synthesis"/>
        <Attr Name="UsedIn" Val="implementation"/>
        <Attr Name="UsedIn" Val="simulation"/>
      </FileInfo>
    </File>
    <File Path="$PSRCDIR/sources_1/imports/RedPitaya-FPGA/rtl/freq_meter.sv">
      <FileInfo>
        <Attr Name="ImportPath" Val="$PPRDIR/../../../rtl/freq_meter.sv"/>
        <Attr Name="ImportTime" Val="1768194070"/>
        <Attr Name="UsedIn" Val="synthesis"/>
        <Attr Name="UsedIn" Val="implementation"/>
        <Attr Name="UsedIn" Val="simulation"/>
      </FileInfo>
    </File>
    <File Path="$PSRCDIR/sources_1/imports/RedPitaya-FPGA/rtl/interface/gpio_if.sv">
      <FileInfo>
        <Attr Name="ImportPath" Val="$PPRDIR/../../../rtl/interface/gpio_if.sv"/>
        <Attr Name="ImportTime" Val="1768194070"/>
        <Attr Name="UsedIn" Val="synthesis"/>
        <Attr Name="UsedIn" Val="implementation"/>
        <Attr Name="UsedIn" Val="simulation"/>
      </FileInfo>
    </File>
    <File Path="$PSRCDIR/sources_1/imports/RedPitaya-FPGA/rtl/classic/red_pitaya_asg.sv">
      <FileInfo>
        <Attr Name="ImportPath" Val="$PPRDIR/../../../rtl/classic/red_pitaya_asg.sv"/>
        <Attr Name="ImportTime" Val="1768194070"/>
        <Attr Name="UsedIn" Val="synthesis"/>
        <Attr Name="UsedIn" Val="implementation"/>
        <Attr Name="UsedIn" Val="simulation"/>
      </FileInfo>
    </File>
    <File Path="$PSRCDIR/sources_1/imports/RedPitaya-FPGA/rtl/classic/red_pitaya_asg_ch.sv">
      <FileInfo>
        <Attr Name="ImportPath" Val="$PPRDIR/../../../rtl/classic/red_pitaya_asg_ch.sv"/>
        <Attr Name="ImportTime" Val="1768194070"/>
        <Attr Name="UsedIn" Val="synthesis"/>
        <Attr Name="UsedIn" Val="implementation"/>
        <Attr Name="UsedIn" Val="simulation"/>
      </FileInfo>
    </File>
    <File Path="$PSRCDIR/sources_1/imports/RedPitaya-FPGA/rtl/classic/red_pitaya_pdm.sv">
      <FileInfo>
        <Attr Name="ImportPath" Val="$PPRDIR/../../../rtl/classic/red_pitaya_pdm.sv"/>
        <Attr Name="ImportTime" Val="1768194070"/>
        <Attr Name="UsedIn" Val="synthesis"/>
        <Attr Name="UsedIn" Val="implementation"/>
        <Attr Name="UsedIn" Val="simulation"/>
      </FileInfo>
    </File>
    <File Path="$PSRCDIR/sources_1/imports/RedPitaya-FPGA/rtl/red_pitaya_pll.sv">
      <FileInfo>
        <Attr Name="ImportPath" Val="$PPRDIR/../../../rtl/red_pitaya_pll.sv"/>
        <Attr Name="ImportTime" Val="1768194070"/>
        <Attr Name="UsedIn" Val="synthesis"/>
        <Attr Name="UsedIn" Val="implementation"/>
        <Attr Name="UsedIn" Val="simulation"/>
      </FileInfo>
    </File>
    <File Path="$PSRCDIR/sources_1/imports/RedPitaya-FPGA/prj/v0.94/rtl/red_pitaya_ps.sv">
      <FileInfo>
        <Attr Name="ImportPath" Val="$PPRDIR/../rtl/red_pitaya_ps.sv"/>
        <Attr Name="ImportTime" Val="1768194070"/>
        <Attr Name="UsedIn" Val="synthesis"/>
        <Attr Name="UsedIn" Val="implementation"/>
        <Attr Name="UsedIn" Val="simulation"/>
      </FileInfo>
    </File>
    <File Path="$PSRCDIR/sources_1/imports/RedPitaya-FPGA/rtl/classic/rp_asg_axi.sv">
      <FileInfo>
        <Attr Name="ImportPath" Val="$PPRDIR/../../../rtl/classic/rp_asg_axi.sv"/>
        <Attr Name="ImportTime" Val="1768194070"/>
        <Attr Name="UsedIn" Val="synthesis"/>
        <Attr Name="UsedIn" Val="implementation"/>
        <Attr Name="UsedIn" Val="simulation"/>
      </FileInfo>
    </File>
    <File Path="$PSRCDIR/sources_1/imports/RedPitaya-FPGA/rtl/sys_bus_cdc.sv">
      <FileInfo>
        <Attr Name="ImportPath" Val="$PPRDIR/../../../rtl/sys_bus_cdc.sv"/>
        <Attr Name="ImportTime" Val="1768194070"/>
        <Attr Name="UsedIn" Val="synthesis"/>
        <Attr Name="UsedIn" Val="implementation"/>
        <Attr Name="UsedIn" Val="simulation"/>
      </FileInfo>
    </File>
    <File Path="$PSRCDIR/sources_1/imports/RedPitaya-FPGA/rtl/interface/sys_bus_if.sv">
      <FileInfo>
        <Attr Name="ImportPath" Val="$PPRDIR/../../../rtl/interface/sys_bus_if.sv"/>
        <Attr Name="ImportTime" Val="1768194070"/>
        <Attr Name="UsedIn" Val="synthesis"/>
        <Attr Name="UsedIn" Val="implementation"/>
        <Attr Name="UsedIn" Val="simulation"/>
      </FileInfo>
    </File>
    <File Path="$PSRCDIR/sources_1/imports/RedPitaya-FPGA/rtl/sys_bus_interconnect.sv">
      <FileInfo>
        <Attr Name="ImportPath" Val="$PPRDIR/../../../rtl/sys_bus_interconnect.sv"/>
        <Attr Name="ImportTime" Val="1768194070"/>
        <Attr Name="UsedIn" Val="synthesis"/>
        <Attr Name="UsedIn" Val="implementation"/>
        <Attr Name="UsedIn" Val="simulation"/>
      </FileInfo>
    </File>
    <File Path="$PSRCDIR/sources_1/imports/RedPitaya-FPGA/prj/v0.94/rtl/red_pitaya_top.sv">
      <FileInfo>
        <Attr Name="ImportPath" Val="$PPRDIR/../rtl/red_pitaya_top.sv"/>
        <Attr Name="ImportTime" Val="1768194070"/>
        <Attr Name="UsedIn" Val="synthesis"/>
        <Attr Name="UsedIn" Val="implementation"/>
        <Attr Name="UsedIn" Val="simulation"/>
      </FileInfo>
    </File>
    <File Path="$PSRCDIR/sources_1/imports/RedPitaya-FPGA/rtl/sys_bus_stub.sv">
      <FileInfo>
        <Attr Name="AutoDisabled" Val="1"/>
        <Attr Name="ImportPath" Val="$PPRDIR/../../../rtl/sys_bus_stub.sv"/>
        <Attr Name="ImportTime" Val="1768194070"/>
        <Attr Name="UsedIn" Val="synthesis"/>
        <Attr Name="UsedIn" Val="implementation"/>
        <Attr Name="UsedIn" Val="simulation"/>
      </FileInfo>
    </File>
    <File Path="$PSRCDIR/sources_1/imports/RedPitaya-FPGA/rtl/sys_reg_array_o.sv">
      <FileInfo>
        <Attr Name="UserDisabled" Val="1"/>
        <Attr Name="ImportPath" Val="$PPRDIR/../../../rtl/sys_reg_array_o.sv"/>
        <Attr Name="ImportTime" Val="1768194070"/>
        <Attr Name="UsedIn" Val="synthesis"/>
        <Attr Name="UsedIn" Val="implementation"/>
        <Attr Name="UsedIn" Val="simulation"/>
      </FileInfo>
    </File>
    <File Path="$PSRCDIR/sources_1/imports/RedPitaya-FPGA/rtl/sys_bus_sync.sv">
      <FileInfo>
        <Attr Name="UserDisabled" Val="1"/>
        <Attr Name="ImportPath" Val="$PPRDIR/../../../rtl/sys_bus_sync.sv"/>
        <Attr Name="ImportTime" Val="1768194070"/>
        <Attr Name="UsedIn" Val="synthesis"/>
        <Attr Name="UsedIn" Val="implementation"/>
        <Attr Name="UsedIn" Val="simulation"/>
      </FileInfo>
    </File>
    <File Path="$PSRCDIR/sources_1/imports/RedPitaya-FPGA/rtl/sync_rw_single.v">
      <FileInfo>
        <Attr Name="UserDisabled" Val="1"/>
        <Attr Name="ImportPath" Val="$PPRDIR/../../../rtl/sync_rw_single.v"/>
        <Attr Name="ImportTime" Val="1768194070"/>
        <Attr Name="UsedIn" Val="synthesis"/>
        <Attr Name="UsedIn" Val="implementation"/>
        <Attr Name="UsedIn" Val="simulation"/>
      </FileInfo>
    </File>
    <File Path="$PSRCDIR/sources_1/imports/RedPitaya-FPGA/rtl/sync.v">
      <FileInfo>
        <Attr Name="UserDisabled" Val="1"/>
        <Attr Name="ImportPath" Val="$PPRDIR/../../../rtl/sync.v"/>
        <Attr Name="ImportTime" Val="1768194070"/>
        <Attr Name="UsedIn" Val="synthesis"/>
        <Attr Name="UsedIn" Val="implementation"/>
        <Attr Name="UsedIn" Val="simulation"/>
      </FileInfo>
    </File>
    <File Path="$PSRCDIR/sources_1/imports/RedPitaya-FPGA/rtl/str_dec.sv">
      <FileInfo>
        <Attr Name="UserDisabled" Val="1"/>
        <Attr Name="ImportPath" Val="$PPRDIR/../../../rtl/str_dec.sv"/>
        <Attr Name="ImportTime" Val="1768194070"/>
        <Attr Name="UsedIn" Val="synthesis"/>
        <Attr Name="UsedIn" Val="implementation"/>
        <Attr Name="UsedIn" Val="simulation"/>
      </FileInfo>
    </File>
    <File Path="$PSRCDIR/sources_1/imports/RedPitaya-FPGA/rtl/str2mm.sv">
      <FileInfo>
        <Attr Name="UserDisabled" Val="1"/>
        <Attr Name="ImportPath" Val="$PPRDIR/../../../rtl/str2mm.sv"/>
        <Attr Name="ImportTime" Val="1768194070"/>
        <Attr Name="UsedIn" Val="synthesis"/>
        <Attr Name="UsedIn" Val="implementation"/>
        <Attr Name="UsedIn" Val="simulation"/>
      </FileInfo>
    </File>
    <File Path="$PSRCDIR/sources_1/imports/RedPitaya-FPGA/rtl/spi_master.v">
      <FileInfo>
        <Attr Name="UserDisabled" Val="1"/>
        <Attr Name="ImportPath" Val="$PPRDIR/../../../rtl/spi_master.v"/>
        <Attr Name="ImportTime" Val="1768194070"/>
        <Attr Name="UsedIn" Val="synthesis"/>
        <Attr Name="UsedIn" Val="implementation"/>
        <Attr Name="UsedIn" Val="simulation"/>
      </FileInfo>
    </File>
    <File Path="$PSRCDIR/sources_1/imports/RedPitaya-FPGA/rtl/scope_filter.sv">
      <FileInfo>
        <Attr Name="UserDisabled" Val="1"/>
        <Attr Name="ImportPath" Val="$PPRDIR/../../../rtl/scope_filter.sv"/>
        <Attr Name="ImportTime" Val="1768194070"/>
        <Attr Name="UsedIn" Val="synthesis"/>
        <Attr Name="UsedIn" Val="implementation"/>
        <Attr Name="UsedIn" Val="simulation"/>
      </FileInfo>
    </File>
    <File Path="$PSRCDIR/sources_1/imports/RedPitaya-FPGA/rtl/scope_dec_avg.sv">
      <FileInfo>
        <Attr Name="UserDisabled" Val="1"/>
        <Attr Name="ImportPath" Val="$PPRDIR/../../../rtl/scope_dec_avg.sv"/>
        <Attr Name="ImportTime" Val="1768194070"/>
        <Attr Name="UsedIn" Val="synthesis"/>
        <Attr Name="UsedIn" Val="implementation"/>
        <Attr Name="UsedIn" Val="simulation"/>
      </FileInfo>
    </File>
    <File Path="$PSRCDIR/sources_1/imports/RedPitaya-FPGA/rtl/rle.sv">
      <FileInfo>
        <Attr Name="UserDisabled" Val="1"/>
        <Attr Name="ImportPath" Val="$PPRDIR/../../../rtl/rle.sv"/>
        <Attr Name="ImportTime" Val="1768194070"/>
        <Attr Name="UsedIn" Val="synthesis"/>
        <Attr Name="UsedIn" Val="implementation"/>
        <Attr Name="UsedIn" Val="simulation"/>
      </FileInfo>
    </File>
    <File Path="$PSRCDIR/sources_1/imports/RedPitaya-FPGA/rtl/red_pitaya_pll_ll.sv">
      <FileInfo>
        <Attr Name="UserDisabled" Val="1"/>
        <Attr Name="ImportPath" Val="$PPRDIR/../../../rtl/red_pitaya_pll_ll.sv"/>
        <Attr Name="ImportTime" Val="1768194070"/>
        <Attr Name="UsedIn" Val="synthesis"/>
        <Attr Name="UsedIn" Val="implementation"/>
        <Attr Name="UsedIn" Val="simulation"/>
      </FileInfo>
    </File>
    <File Path="$PSRCDIR/sources_1/imports/RedPitaya-FPGA/rtl/red_pitaya_pll_4adc.sv">
      <FileInfo>
        <Attr Name="UserDisabled" Val="1"/>
        <Attr Name="ImportPath" Val="$PPRDIR/../../../rtl/red_pitaya_pll_4adc.sv"/>
        <Attr Name="ImportTime" Val="1768194070"/>
        <Attr Name="UsedIn" Val="synthesis"/>
        <Attr Name="UsedIn" Val="implementation"/>
        <Attr Name="UsedIn" Val="simulation"/>
      </FileInfo>
    </File>
    <File Path="$PSRCDIR/sources_1/imports/RedPitaya-FPGA/rtl/red_pitaya_dfilt1.sv">
      <FileInfo>
        <Attr Name="UserDisabled" Val="1"/>
        <Attr Name="ImportPath" Val="$PPRDIR/../../../rtl/red_pitaya_dfilt1.sv"/>
        <Attr Name="ImportTime" Val="1768194070"/>
        <Attr Name="UsedIn" Val="synthesis"/>
        <Attr Name="UsedIn" Val="implementation"/>
        <Attr Name="UsedIn" Val="simulation"/>
      </FileInfo>
    </File>
    <File Path="$PSRCDIR/sources_1/imports/RedPitaya-FPGA/rtl/pwm.sv">
      <FileInfo>
        <Attr Name="UserDisabled" Val="1"/>
        <Attr Name="ImportPath" Val="$PPRDIR/../../../rtl/pwm.sv"/>
        <Attr Name="ImportTime" Val="1768194070"/>
        <Attr Name="UsedIn" Val="synthesis"/>
        <Attr Name="UsedIn" Val="implementation"/>
        <Attr Name="UsedIn" Val="simulation"/>
      </FileInfo>
    </File>
    <File Path="$PSRCDIR/sources_1/imports/RedPitaya-FPGA/rtl/pid_block.sv">
      <FileInfo>
        <Attr Name="UserDisabled" Val="1"/>
        <Attr Name="ImportPath" Val="$PPRDIR/../../../rtl/pid_block.sv"/>
        <Attr Name="ImportTime" Val="1768194070"/>
        <Attr Name="UsedIn" Val="synthesis"/>
        <Attr Name="UsedIn" Val="implementation"/>
        <Attr Name="UsedIn" Val="simulation"/>
      </FileInfo>
    </File>
    <File Path="$PSRCDIR/sources_1/imports/RedPitaya-FPGA/rtl/pid.sv">
      <FileInfo>
        <Attr Name="UserDisabled" Val="1"/>
        <Attr Name="ImportPath" Val="$PPRDIR/../../../rtl/pid.sv"/>
        <Attr Name="ImportTime" Val="1768194070"/>
        <Attr Name="UsedIn" Val="synthesis"/>
        <Attr Name="UsedIn" Val="implementation"/>
        <Attr Name="UsedIn" Val="simulation"/>
      </FileInfo>
    </File>
    <File Path="$PSRCDIR/sources_1/imports/RedPitaya-FPGA/rtl/pdm.sv">
      <FileInfo>
        <Attr Name="UserDisabled" Val="1"/>
        <Attr Name="ImportPath" Val="$PPRDIR/../../../rtl/pdm.sv"/>
        <Attr Name="ImportTime" Val="1768194070"/>
        <Attr Name="UsedIn" Val="synthesis"/>
        <Attr Name="UsedIn" Val="implementation"/>
        <Attr Name="UsedIn" Val="simulation"/>
      </FileInfo>
    </File>
    <File Path="$PSRCDIR/sources_1/imports/RedPitaya-FPGA/rtl/osc_trg.sv">
      <FileInfo>
        <Attr Name="UserDisabled" Val="1"/>
        <Attr Name="ImportPath" Val="$PPRDIR/../../../rtl/osc_trg.sv"/>
        <Attr Name="ImportTime" Val="1768194070"/>
        <Attr Name="UsedIn" Val="synthesis"/>
        <Attr Name="UsedIn" Val="implementation"/>
        <Attr Name="UsedIn" Val="simulation"/>
      </FileInfo>
    </File>
    <File Path="$PSRCDIR/sources_1/imports/RedPitaya-FPGA/rtl/osc.sv">
      <FileInfo>
        <Attr Name="UserDisabled" Val="1"/>
        <Attr Name="ImportPath" Val="$PPRDIR/../../../rtl/osc.sv"/>
        <Attr Name="ImportTime" Val="1768194070"/>
        <Attr Name="UsedIn" Val="synthesis"/>
        <Attr Name="UsedIn" Val="implementation"/>
        <Attr Name="UsedIn" Val="simulation"/>
      </FileInfo>
    </File>
    <File Path="$PSRCDIR/sources_1/imports/RedPitaya-FPGA/rtl/old_la_top.sv">
      <FileInfo>
        <Attr Name="UserDisabled" Val="1"/>
        <Attr Name="ImportPath" Val="$PPRDIR/../../../rtl/old_la_top.sv"/>
        <Attr Name="ImportTime" Val="1768194070"/>
        <Attr Name="UsedIn" Val="synthesis"/>
        <Attr Name="UsedIn" Val="implementation"/>
        <Attr Name="UsedIn" Val="simulation"/>
      </FileInfo>
    </File>
    <File Path="$PSRCDIR/sources_1/imports/RedPitaya-FPGA/rtl/old_id.sv">
      <FileInfo>
        <Attr Name="UserDisabled" Val="1"/>
        <Attr Name="ImportPath" Val="$PPRDIR/../../../rtl/old_id.sv"/>
        <Attr Name="ImportTime" Val="1768194070"/>
        <Attr Name="UsedIn" Val="synthesis"/>
        <Attr Name="UsedIn" Val="implementation"/>
        <Attr Name="UsedIn" Val="simulation"/>
      </FileInfo>
    </File>
    <File Path="$PSRCDIR/sources_1/imports/RedPitaya-FPGA/rtl/old_asg_top.sv">
      <FileInfo>
        <Attr Name="UserDisabled" Val="1"/>
        <Attr Name="ImportPath" Val="$PPRDIR/../../../rtl/old_asg_top.sv"/>
        <Attr Name="ImportTime" Val="1768194070"/>
        <Attr Name="UsedIn" Val="synthesis"/>
        <Attr Name="UsedIn" Val="implementation"/>
        <Attr Name="UsedIn" Val="simulation"/>
      </FileInfo>
    </File>
    <File Path="$PSRCDIR/sources_1/imports/RedPitaya-FPGA/rtl/old_asg.sv">
      <FileInfo>
        <Attr Name="UserDisabled" Val="1"/>
        <Attr Name="ImportPath" Val="$PPRDIR/../../../rtl/old_asg.sv"/>
        <Attr Name="ImportTime" Val="1768194070"/>
        <Attr Name="UsedIn" Val="synthesis"/>
        <Attr Name="UsedIn" Val="implementation"/>
        <Attr Name="UsedIn" Val="simulation"/>
      </FileInfo>
    </File>
    <File Path="$PSRCDIR/sources_1/imports/RedPitaya-FPGA/rtl/old_acq.sv">
      <FileInfo>
        <Attr Name="UserDisabled" Val="1"/>
        <Attr Name="ImportPath" Val="$PPRDIR/../../../rtl/old_acq.sv"/>
        <Attr Name="ImportTime" Val="1768194070"/>
        <Attr Name="UsedIn" Val="synthesis"/>
        <Attr Name="UsedIn" Val="implementation"/>
        <Attr Name="UsedIn" Val="simulation"/>
      </FileInfo>
    </File>
    <File Path="$PSRCDIR/sources_1/imports/RedPitaya-FPGA/rtl/muxctl.sv">
      <FileInfo>
        <Attr Name="UserDisabled" Val="1"/>
        <Attr Name="ImportPath" Val="$PPRDIR/../../../rtl/muxctl.sv"/>
        <Attr Name="ImportTime" Val="1768194070"/>
        <Attr Name="UsedIn" Val="synthesis"/>
        <Attr Name="UsedIn" Val="implementation"/>
        <Attr Name="UsedIn" Val="simulation"/>
      </FileInfo>
    </File>
    <File Path="$PSRCDIR/sources_1/imports/RedPitaya-FPGA/rtl/mgmt.sv">
      <FileInfo>
        <Attr Name="UserDisabled" Val="1"/>
        <Attr Name="ImportPath" Val="$PPRDIR/../../../rtl/mgmt.sv"/>
        <Attr Name="ImportTime" Val="1768194070"/>
        <Attr Name="UsedIn" Val="synthesis"/>
        <Attr Name="UsedIn" Val="implementation"/>
        <Attr Name="UsedIn" Val="simulation"/>
      </FileInfo>
    </File>
    <File Path="$PSRCDIR/sources_1/imports/RedPitaya-FPGA/rtl/lin_mul.sv">
      <FileInfo>
        <Attr Name="UserDisabled" Val="1"/>
        <Attr Name="ImportPath" Val="$PPRDIR/../../../rtl/lin_mul.sv"/>
        <Attr Name="ImportTime" Val="1768194070"/>
        <Attr Name="UsedIn" Val="synthesis"/>
        <Attr Name="UsedIn" Val="implementation"/>
        <Attr Name="UsedIn" Val="simulation"/>
      </FileInfo>
    </File>
    <File Path="$PSRCDIR/sources_1/imports/RedPitaya-FPGA/rtl/lin_add.sv">
      <FileInfo>
        <Attr Name="UserDisabled" Val="1"/>
        <Attr Name="ImportPath" Val="$PPRDIR/../../../rtl/lin_add.sv"/>
        <Attr Name="ImportTime" Val="1768194070"/>
        <Attr Name="UsedIn" Val="synthesis"/>
        <Attr Name="UsedIn" Val="implementation"/>
        <Attr Name="UsedIn" Val="simulation"/>
      </FileInfo>
    </File>
    <File Path="$PSRCDIR/sources_1/imports/RedPitaya-FPGA/rtl/lg.sv">
      <FileInfo>
        <Attr Name="UserDisabled" Val="1"/>
        <Attr Name="ImportPath" Val="$PPRDIR/../../../rtl/lg.sv"/>
        <Attr Name="ImportTime" Val="1768194070"/>
        <Attr Name="UsedIn" Val="synthesis"/>
        <Attr Name="UsedIn" Val="implementation"/>
        <Attr Name="UsedIn" Val="simulation"/>
      </FileInfo>
    </File>
    <File Path="$PSRCDIR/sources_1/imports/RedPitaya-FPGA/rtl/la_trg.sv">
      <FileInfo>
        <Attr Name="UserDisabled" Val="1"/>
        <Attr Name="ImportPath" Val="$PPRDIR/../../../rtl/la_trg.sv"/>
        <Attr Name="ImportTime" Val="1768194070"/>
        <Attr Name="UsedIn" Val="synthesis"/>
        <Attr Name="UsedIn" Val="implementation"/>
        <Attr Name="UsedIn" Val="simulation"/>
      </FileInfo>
    </File>
    <File Path="$PSRCDIR/sources_1/imports/RedPitaya-FPGA/rtl/la.sv">
      <FileInfo>
        <Attr Name="UserDisabled" Val="1"/>
        <Attr Name="ImportPath" Val="$PPRDIR/../../../rtl/la.sv"/>
        <Attr Name="ImportTime" Val="1768194070"/>
        <Attr Name="UsedIn" Val="synthesis"/>
        <Attr Name="UsedIn" Val="implementation"/>
        <Attr Name="UsedIn" Val="simulation"/>
      </FileInfo>
    </File>
    <File Path="$PSRCDIR/sources_1/imports/RedPitaya-FPGA/rtl/interface/spi_if.sv">
      <FileInfo>
        <Attr Name="AutoDisabled" Val="1"/>
        <Attr Name="ImportPath" Val="$PPRDIR/../../../rtl/interface/spi_if.sv"/>
        <Attr Name="ImportTime" Val="1768194070"/>
        <Attr Name="UsedIn" Val="synthesis"/>
        <Attr Name="UsedIn" Val="implementation"/>
        <Attr Name="UsedIn" Val="simulation"/>
      </FileInfo>
    </File>
    <File Path="$PSRCDIR/sources_1/imports/RedPitaya-FPGA/rtl/interface/axi4_stream_if.sv">
      <FileInfo>
        <Attr Name="AutoDisabled" Val="1"/>
        <Attr Name="ImportPath" Val="$PPRDIR/../../../rtl/interface/axi4_stream_if.sv"/>
        <Attr Name="ImportTime" Val="1768194070"/>
        <Attr Name="UsedIn" Val="synthesis"/>
        <Attr Name="UsedIn" Val="implementation"/>
        <Attr Name="UsedIn" Val="simulation"/>
      </FileInfo>
    </File>
    <File Path="$PSRCDIR/sources_1/imports/RedPitaya-FPGA/rtl/interface/axi4_lite_if.sv">
      <FileInfo>
        <Attr Name="AutoDisabled" Val="1"/>
        <Attr Name="ImportPath" Val="$PPRDIR/../../../rtl/interface/axi4_lite_if.sv"/>
        <Attr Name="ImportTime" Val="1768194070"/>
        <Attr Name="UsedIn" Val="synthesis"/>
        <Attr Name="UsedIn" Val="implementation"/>
        <Attr Name="UsedIn" Val="simulation"/>
      </FileInfo>
    </File>
    <File Path="$PSRCDIR/sources_1/imports/RedPitaya-FPGA/rtl/id.sv">
      <FileInfo>
        <Attr Name="UserDisabled" Val="1"/>
        <Attr Name="ImportPath" Val="$PPRDIR/../../../rtl/id.sv"/>
        <Attr Name="ImportTime" Val="1768194070"/>
        <Attr Name="UsedIn" Val="synthesis"/>
        <Attr Name="UsedIn" Val="implementation"/>
        <Attr Name="UsedIn" Val="simulation"/>
      </FileInfo>
    </File>
    <File Path="$PSRCDIR/sources_1/imports/RedPitaya-FPGA/rtl/gen.sv">
      <FileInfo>
        <Attr Name="UserDisabled" Val="1"/>
        <Attr Name="ImportPath" Val="$PPRDIR/../../../rtl/gen.sv"/>
        <Attr Name="ImportTime" Val="1768194070"/>
        <Attr Name="UsedIn" Val="synthesis"/>
        <Attr Name="UsedIn" Val="implementation"/>
        <Attr Name="UsedIn" Val="simulation"/>
      </FileInfo>
    </File>
    <File Path="$PSRCDIR/sources_1/imports/RedPitaya-FPGA/rtl/evn_pkg.sv">
      <FileInfo>
        <Attr Name="AutoDisabled" Val="1"/>
        <Attr Name="ImportPath" Val="$PPRDIR/../../../rtl/evn_pkg.sv"/>
        <Attr Name="ImportTime" Val="1768194070"/>
        <Attr Name="UsedIn" Val="synthesis"/>
        <Attr Name="UsedIn" Val="implementation"/>
        <Attr Name="UsedIn" Val="simulation"/>
      </FileInfo>
    </File>
    <File Path="$PSRCDIR/sources_1/imports/RedPitaya-FPGA/rtl/drp_ctrl.sv">
      <FileInfo>
        <Attr Name="UserDisabled" Val="1"/>
        <Attr Name="ImportPath" Val="$PPRDIR/../../../rtl/drp_ctrl.sv"/>
        <Attr Name="ImportTime" Val="1768194070"/>
        <Attr Name="UsedIn" Val="synthesis"/>
        <Attr Name="UsedIn" Val="implementation"/>
        <Attr Name="UsedIn" Val="simulation"/>
      </FileInfo>
    </File>
    <File Path="$PSRCDIR/sources_1/imports/RedPitaya-FPGA/rtl/debounce.sv">
      <FileInfo>
        <Attr Name="UserDisabled" Val="1"/>
        <Attr Name="ImportPath" Val="$PPRDIR/../../../rtl/debounce.sv"/>
        <Attr Name="ImportTime" Val="1768194070"/>
        <Attr Name="UsedIn" Val="synthesis"/>
        <Attr Name="UsedIn" Val="implementation"/>
        <Attr Name="UsedIn" Val="simulation"/>
      </FileInfo>
    </File>
    <File Path="$PSRCDIR/sources_1/imports/RedPitaya-FPGA/rtl/cts.sv">
      <FileInfo>
        <Attr Name="UserDisabled" Val="1"/>
        <Attr Name="ImportPath" Val="$PPRDIR/../../../rtl/cts.sv"/>
        <Attr Name="ImportTime" Val="1768194070"/>
        <Attr Name="UsedIn" Val="synthesis"/>
        <Attr Name="UsedIn" Val="implementation"/>
        <Attr Name="UsedIn" Val="simulation"/>
      </FileInfo>
    </File>
    <File Path="$PSRCDIR/sources_1/imports/RedPitaya-FPGA/rtl/ctrg.sv">
      <FileInfo>
        <Attr Name="UserDisabled" Val="1"/>
        <Attr Name="ImportPath" Val="$PPRDIR/../../../rtl/ctrg.sv"/>
        <Attr Name="ImportTime" Val="1768194070"/>
        <Attr Name="UsedIn" Val="synthesis"/>
        <Attr Name="UsedIn" Val="implementation"/>
        <Attr Name="UsedIn" Val="simulation"/>
      </FileInfo>
    </File>
    <File Path="$PSRCDIR/sources_1/imports/RedPitaya-FPGA/rtl/clkdiv.sv">
      <FileInfo>
        <Attr Name="UserDisabled" Val="1"/>
        <Attr Name="ImportPath" Val="$PPRDIR/../../../rtl/clkdiv.sv"/>
        <Attr Name="ImportTime" Val="1768194070"/>
        <Attr Name="UsedIn" Val="synthesis"/>
        <Attr Name="UsedIn" Val="implementation"/>
        <Attr Name="UsedIn" Val="simulation"/>
      </FileInfo>
    </File>
    <File Path="$PSRCDIR/sources_1/imports/RedPitaya-FPGA/rtl/clb.sv">
      <FileInfo>
        <Attr Name="UserDisabled" Val="1"/>
        <Attr Name="ImportPath" Val="$PPRDIR/../../../rtl/clb.sv"/>
        <Attr Name="ImportTime" Val="1768194070"/>
        <Attr Name="UsedIn" Val="synthesis"/>
        <Attr Name="UsedIn" Val="implementation"/>
        <Attr Name="UsedIn" Val="simulation"/>
      </FileInfo>
    </File>
    <File Path="$PSRCDIR/sources_1/imports/RedPitaya-FPGA/rtl/classic/red_pitaya_scope_Z20.v">
      <FileInfo>
        <Attr Name="UserDisabled" Val="1"/>
        <Attr Name="ImportPath" Val="$PPRDIR/../../../rtl/classic/red_pitaya_scope_Z20.v"/>
        <Attr Name="ImportTime" Val="1768194070"/>
        <Attr Name="UsedIn" Val="synthesis"/>
        <Attr Name="UsedIn" Val="implementation"/>
        <Attr Name="UsedIn" Val="simulation"/>
      </FileInfo>
    </File>
    <File Path="$PSRCDIR/sources_1/imports/RedPitaya-FPGA/rtl/classic/red_pitaya_scope.v">
      <FileInfo>
        <Attr Name="UserDisabled" Val="1"/>
        <Attr Name="ImportPath" Val="$PPRDIR/../../../rtl/classic/red_pitaya_scope.v"/>
        <Attr Name="ImportTime" Val="1768194070"/>
        <Attr Name="UsedIn" Val="synthesis"/>
        <Attr Name="UsedIn" Val="implementation"/>
        <Attr Name="UsedIn" Val="simulation"/>
      </FileInfo>
    </File>
    <File Path="$PSRCDIR/sources_1/imports/RedPitaya-FPGA/rtl/classic/red_pitaya_pwm.sv">
      <FileInfo>
        <Attr Name="UserDisabled" Val="1"/>
        <Attr Name="ImportPath" Val="$PPRDIR/../../../rtl/classic/red_pitaya_pwm.sv"/>
        <Attr Name="ImportTime" Val="1768194070"/>
        <Attr Name="UsedIn" Val="synthesis"/>
        <Attr Name="UsedIn" Val="implementation"/>
        <Attr Name="UsedIn" Val="simulation"/>
      </FileInfo>
    </File>
    <File Path="$PSRCDIR/sources_1/imports/RedPitaya-FPGA/rtl/classic/red_pitaya_id.v">
      <FileInfo>
        <Attr Name="UserDisabled" Val="1"/>
        <Attr Name="ImportPath" Val="$PPRDIR/../../../rtl/classic/red_pitaya_id.v"/>
        <Attr Name="ImportTime" Val="1768194070"/>
        <Attr Name="UsedIn" Val="synthesis"/>
        <Attr Name="UsedIn" Val="implementation"/>
        <Attr Name="UsedIn" Val="simulation"/>
      </FileInfo>
    </File>
    <File Path="$PSRCDIR/sources_1/imports/RedPitaya-FPGA/rtl/classic/red_pitaya_hk_ll.v">
      <FileInfo>
        <Attr Name="UserDisabled" Val="1"/>
        <Attr Name="ImportPath" Val="$PPRDIR/../../../rtl/classic/red_pitaya_hk_ll.v"/>
        <Attr Name="ImportTime" Val="1768194070"/>
        <Attr Name="UsedIn" Val="synthesis"/>
        <Attr Name="UsedIn" Val="implementation"/>
        <Attr Name="UsedIn" Val="simulation"/>
      </FileInfo>
    </File>
    <File Path="$PSRCDIR/sources_1/imports/RedPitaya-FPGA/rtl/classic/red_pitaya_hk_4adc.v">
      <FileInfo>
        <Attr Name="UserDisabled" Val="1"/>
        <Attr Name="ImportPath" Val="$PPRDIR/../../../rtl/classic/red_pitaya_hk_4adc.v"/>
        <Attr Name="ImportTime" Val="1768194070"/>
        <Attr Name="UsedIn" Val="synthesis"/>
        <Attr Name="UsedIn" Val="implementation"/>
        <Attr Name="UsedIn" Val="simulation"/>
      </FileInfo>
    </File>
    <File Path="$PSRCDIR/sources_1/imports/RedPitaya-FPGA/rtl/classic/axi_rd_single.sv">
      <FileInfo>
        <Attr Name="UserDisabled" Val="1"/>
        <Attr Name="ImportPath" Val="$PPRDIR/../../../rtl/classic/axi_rd_single.sv"/>
        <Attr Name="ImportTime" Val="1768194070"/>
        <Attr Name="UsedIn" Val="synthesis"/>
        <Attr Name="UsedIn" Val="implementation"/>
        <Attr Name="UsedIn" Val="simulation"/>
      </FileInfo>
    </File>
    <File Path="$PSRCDIR/sources_1/imports/RedPitaya-FPGA/rtl/classic/axi_rd_fifo.v">
      <FileInfo>
        <Attr Name="UserDisabled" Val="1"/>
        <Attr Name="ImportPath" Val="$PPRDIR/../../../rtl/classic/axi_rd_fifo.v"/>
        <Attr Name="ImportTime" Val="1768194070"/>
        <Attr Name="UsedIn" Val="synthesis"/>
        <Attr Name="UsedIn" Val="implementation"/>
        <Attr Name="UsedIn" Val="simulation"/>
      </FileInfo>
    </File>
    <File Path="$PSRCDIR/sources_1/imports/RedPitaya-FPGA/rtl/bin_and.sv">
      <FileInfo>
        <Attr Name="UserDisabled" Val="1"/>
        <Attr Name="ImportPath" Val="$PPRDIR/../../../rtl/bin_and.sv"/>
        <Attr Name="ImportTime" Val="1768194070"/>
        <Attr Name="UsedIn" Val="synthesis"/>
        <Attr Name="UsedIn" Val="implementation"/>
        <Attr Name="UsedIn" Val="simulation"/>
      </FileInfo>
    </File>
    <File Path="$PSRCDIR/sources_1/imports/RedPitaya-FPGA/rtl/axi4_stream_reg.sv">
      <FileInfo>
        <Attr Name="UserDisabled" Val="1"/>
        <Attr Name="ImportPath" Val="$PPRDIR/../../../rtl/axi4_stream_reg.sv"/>
        <Attr Name="ImportTime" Val="1768194070"/>
        <Attr Name="UsedIn" Val="synthesis"/>
        <Attr Name="UsedIn" Val="implementation"/>
        <Attr Name="UsedIn" Val="simulation"/>
      </FileInfo>
    </File>
    <File Path="$PSRCDIR/sources_1/imports/RedPitaya-FPGA/rtl/axi4_stream_pas.sv">
      <FileInfo>
        <Attr Name="UserDisabled" Val="1"/>
        <Attr Name="ImportPath" Val="$PPRDIR/../../../rtl/axi4_stream_pas.sv"/>
        <Attr Name="ImportTime" Val="1768194070"/>
        <Attr Name="UsedIn" Val="synthesis"/>
        <Attr Name="UsedIn" Val="implementation"/>
        <Attr Name="UsedIn" Val="simulation"/>
      </FileInfo>
    </File>
    <File Path="$PSRCDIR/sources_1/imports/RedPitaya-FPGA/rtl/axi4_stream_mux.sv">
      <FileInfo>
        <Attr Name="UserDisabled" Val="1"/>
        <Attr Name="ImportPath" Val="$PPRDIR/../../../rtl/axi4_stream_mux.sv"/>
        <Attr Name="ImportTime" Val="1768194070"/>
        <Attr Name="UsedIn" Val="synthesis"/>
        <Attr Name="UsedIn" Val="implementation"/>
        <Attr Name="UsedIn" Val="simulation"/>
      </FileInfo>
    </File>
    <File Path="$PSRCDIR/sources_1/imports/RedPitaya-FPGA/rtl/axi4_stream_dly.sv">
      <FileInfo>
        <Attr Name="UserDisabled" Val="1"/>
        <Attr Name="ImportPath" Val="$PPRDIR/../../../rtl/axi4_stream_dly.sv"/>
        <Attr Name="ImportTime" Val="1768194070"/>
        <Attr Name="UsedIn" Val="synthesis"/>
        <Attr Name="UsedIn" Val="implementation"/>
        <Attr Name="UsedIn" Val="simulation"/>
      </FileInfo>
    </File>
    <File Path="$PSRCDIR/sources_1/imports/RedPitaya-FPGA/rtl/axi4_stream_demux.sv">
      <FileInfo>
        <Attr Name="UserDisabled" Val="1"/>
        <Attr Name="ImportPath" Val="$PPRDIR/../../../rtl/axi4_stream_demux.sv"/>
        <Attr Name="ImportTime" Val="1768194070"/>
        <Attr Name="UsedIn" Val="synthesis"/>
        <Attr Name="UsedIn" Val="implementation"/>
        <Attr Name="UsedIn" Val="simulation"/>
      </FileInfo>
    </File>
    <File Path="$PSRCDIR/sources_1/imports/RedPitaya-FPGA/rtl/axi4_stream_cnt.sv">
      <FileInfo>
        <Attr Name="UserDisabled" Val="1"/>
        <Attr Name="ImportPath" Val="$PPRDIR/../../../rtl/axi4_stream_cnt.sv"/>
        <Attr Name="ImportTime" Val="1768194070"/>
        <Attr Name="UsedIn" Val="synthesis"/>
        <Attr Name="UsedIn" Val="implementation"/>
        <Attr Name="UsedIn" Val="simulation"/>
      </FileInfo>
    </File>
    <File Path="$PSRCDIR/sources_1/imports/RedPitaya-FPGA/rtl/axi4_lite_slave.v">
      <FileInfo>
        <Attr Name="UserDisabled" Val="1"/>
        <Attr Name="ImportPath" Val="$PPRDIR/../../../rtl/axi4_lite_slave.v"/>
        <Attr Name="ImportTime" Val="1768194070"/>
        <Attr Name="UsedIn" Val="synthesis"/>
        <Attr Name="UsedIn" Val="implementation"/>
        <Attr Name="UsedIn" Val="simulation"/>
      </FileInfo>
    </File>
    <File Path="$PSRCDIR/sources_1/imports/RedPitaya-FPGA/rtl/asg_per.sv">
      <FileInfo>
        <Attr Name="UserDisabled" Val="1"/>
        <Attr Name="ImportPath" Val="$PPRDIR/../../../rtl/asg_per.sv"/>
        <Attr Name="ImportTime" Val="1768194070"/>
        <Attr Name="UsedIn" Val="synthesis"/>
        <Attr Name="UsedIn" Val="implementation"/>
        <Attr Name="UsedIn" Val="simulation"/>
      </FileInfo>
    </File>
    <File Path="$PSRCDIR/sources_1/imports/RedPitaya-FPGA/rtl/asg_bst.sv">
      <FileInfo>
        <Attr Name="UserDisabled" Val="1"/>
        <Attr Name="ImportPath" Val="$PPRDIR/../../../rtl/asg_bst.sv"/>
        <Attr Name="ImportTime" Val="1768194070"/>
        <Attr Name="UsedIn" Val="synthesis"/>
        <Attr Name="UsedIn" Val="implementation"/>
        <Attr Name="UsedIn" Val="simulation"/>
      </FileInfo>
    </File>
    <File Path="$PSRCDIR/sources_1/imports/RedPitaya-FPGA/rtl/asg.sv">
      <FileInfo>
        <Attr Name="UserDisabled" Val="1"/>
        <Attr Name="ImportPath" Val="$PPRDIR/../../../rtl/asg.sv"/>
        <Attr Name="ImportTime" Val="1768194070"/>
        <Attr Name="UsedIn" Val="synthesis"/>
        <Attr Name="UsedIn" Val="implementation"/>
        <Attr Name="UsedIn" Val="simulation"/>
      </FileInfo>
    </File>
    <File Path="$PSRCDIR/sources_1/imports/RedPitaya-FPGA/rtl/adc366x_top.sv">
      <FileInfo>
        <Attr Name="UserDisabled" Val="1"/>
        <Attr Name="ImportPath" Val="$PPRDIR/../../../rtl/adc366x_top.sv"/>
        <Attr Name="ImportTime" Val="1768194070"/>
        <Attr Name="UsedIn" Val="synthesis"/>
        <Attr Name="UsedIn" Val="implementation"/>
        <Attr Name="UsedIn" Val="simulation"/>
      </FileInfo>
    </File>
    <File Path="$PSRCDIR/sources_1/imports/RedPitaya-FPGA/rtl/acq.sv">
      <FileInfo>
        <Attr Name="UserDisabled" Val="1"/>
        <Attr Name="ImportPath" Val="$PPRDIR/../../../rtl/acq.sv"/>
        <Attr Name="ImportTime" Val="1768194070"/>
        <Attr Name="UsedIn" Val="synthesis"/>
        <Attr Name="UsedIn" Val="implementation"/>
        <Attr Name="UsedIn" Val="simulation"/>
      </FileInfo>
    </File>
    <File Path="$PSRCDIR/sources_1/imports/RedPitaya-FPGA/prj/v0.94/rtl/tb_red_pitaya_scope.sv">
      <FileInfo>
        <Attr Name="UserDisabled" Val="1"/>
        <Attr Name="ImportPath" Val="$PPRDIR/../rtl/tb_red_pitaya_scope.sv"/>
        <Attr Name="ImportTime" Val="1768194070"/>
        <Attr Name="UsedIn" Val="synthesis"/>
        <Attr Name="UsedIn" Val="implementation"/>
        <Attr Name="UsedIn" Val="simulation"/>
      </FileInfo>
    </File>
    <File Path="$PSRCDIR/sources_1/imports/RedPitaya-FPGA/prj/v0.94/rtl/red_pitaya_top_Z20.sv">
      <FileInfo>
        <Attr Name="UserDisabled" Val="1"/>
        <Attr Name="ImportPath" Val="$PPRDIR/../rtl/red_pitaya_top_Z20.sv"/>
        <Attr Name="ImportTime" Val="1768194070"/>
        <Attr Name="UsedIn" Val="synthesis"/>
        <Attr Name="UsedIn" Val="implementation"/>
        <Attr Name="UsedIn" Val="simulation"/>
      </FileInfo>
    </File>
    <File Path="$PSRCDIR/sources_1/imports/RedPitaya-FPGA/prj/v0.94/rtl/red_pitaya_top_ll.sv">
      <FileInfo>
        <Attr Name="UserDisabled" Val="1"/>
        <Attr Name="ImportPath" Val="$PPRDIR/../rtl/red_pitaya_top_ll.sv"/>
        <Attr Name="ImportTime" Val="1768194070"/>
        <Attr Name="UsedIn" Val="synthesis"/>
        <Attr Name="UsedIn" Val="implementation"/>
        <Attr Name="UsedIn" Val="simulation"/>
      </FileInfo>
    </File>
    <File Path="$PSRCDIR/sources_1/imports/RedPitaya-FPGA/prj/v0.94/rtl/red_pitaya_top_4ADC.sv">
      <FileInfo>
        <Attr Name="UserDisabled" Val="1"/>
        <Attr Name="ImportPath" Val="$PPRDIR/../rtl/red_pitaya_top_4ADC.sv"/>
        <Attr Name="ImportTime" Val="1768194070"/>
        <Attr Name="UsedIn" Val="synthesis"/>
        <Attr Name="UsedIn" Val="implementation"/>
        <Attr Name="UsedIn" Val="simulation"/>
      </FileInfo>
    </File>
    <File Path="$PSRCDIR/sources_1/imports/RedPitaya-FPGA/prj/v0.94/rtl/osc_calib.v">
      <FileInfo>
        <Attr Name="UserDisabled" Val="1"/>
        <Attr Name="ImportPath" Val="$PPRDIR/../rtl/osc_calib.v"/>
        <Attr Name="ImportTime" Val="1768194070"/>
        <Attr Name="UsedIn" Val="synthesis"/>
        <Attr Name="UsedIn" Val="implementation"/>
        <Attr Name="UsedIn" Val="simulation"/>
      </FileInfo>
    </File>
    <File Path="$PSRCDIR/sources_1/bd/system/hdl/system_wrapper.v">
      <FileInfo>
        <Attr Name="UserDisabled" Val="1"/>
        <Attr Name="ImportPath" Val="$PPRDIR/../project/redpitaya.srcs/sources_1/bd/system/hdl/system_wrapper.v"/>
        <Attr Name="ImportTime" Val="1768432061"/>
        <Attr Name="UsedIn" Val="synthesis"/>
        <Attr Name="UsedIn" Val="implementation"/>
        <Attr Name="UsedIn" Val="simulation"/>
      </FileInfo>
    </File>
    <File Path="$PPRDIR/sine_lut_4096.mem">
      <FileInfo>
        <Attr Name="UsedIn" Val="synthesis"/>
        <Attr Name="UsedIn" Val="simulation"/>
      </FileInfo>
    </File>
    <Config>
      <Option Name="DesignMode" Val="RTL"/>
      <Option Name="TopModule" Val="red_pitaya_top"/>
    </Config>
  </FileSet>
  <FileSet Name="constrs_in" Type="Constrs" RelSrcDir="$PSRCDIR/constrs_1">
    <Filter Type="Constrs"/>
    <File Path="$PSRCDIR/constrs_1/imports/RedPitaya-FPGA/sdc/red_pitaya.xdc">
      <FileInfo>
        <Attr Name="ImportPath" Val="$PPRDIR/../../../sdc/red_pitaya.xdc"/>
        <Attr Name="ImportTime" Val="1768194071"/>
        <Attr Name="UsedIn" Val="synthesis"/>
        <Attr Name="UsedIn" Val="implementation"/>
      </FileInfo>
    </File>
    <File Path="$PSRCDIR/constrs_1/imports/RedPitaya-FPGA/prj/v0.94/sdc/red_pitaya.xdc">
      <FileInfo>
        <Attr Name="ImportPath" Val="$PPRDIR/../sdc/red_pitaya.xdc"/>
        <Attr Name="ImportTime" Val="1768194070"/>
        <Attr Name="UsedIn" Val="synthesis"/>
        <Attr Name="UsedIn" Val="implementation"/>
      </FileInfo>
    </File>
    <Config>
      <Option Name="ConstrsType" Val="XDC"/>
    </Config>
  </FileSet>
  <FileSet Name="utils" Type="Utils" RelSrcDir="$PSRCDIR/utils_1">
    <Filter Type="Utils"/>
    <Config>
      <Option Name="TopAutoSet" Val="TRUE"/>
    </Config>
  </FileSet>
  <Strategy Version="1" Minor="2">
    <StratHandle Name="Vivado Implementation Defaults" Flow="Vivado Implementation 2020"/>
    <Step Id="init_design"/>
    <Step Id="opt_design"/>
    <Step Id="power_opt_design"/>
    <Step Id="place_design"/>
    <Step Id="post_place_power_opt_design"/>
    <Step Id="phys_opt_design"/>
    <Step Id="route_design"/>
    <Step Id="post_route_phys_opt_design"/>
    <Step Id="write_bitstream"/>
  </Strategy>
  <BlockFileSet Type="BlockSrcs" Name="system_axi_protocol_converter_0_0"/>
  <BlockFileSet Type="BlockSrcs" Name="system_processing_system7_0"/>
  <BlockFileSet Type="BlockSrcs" Name="system_axi_register_slice_0_0"/>
  <BlockFileSet Type="BlockSrcs" Name="system_proc_sys_reset_0"/>
  <BlockFileSet Type="BlockSrcs" Name="system_xadc_0"/>
</GenRun>
